{
  "info": {
    "name": "Ecommerce API",
    "description": "Flask Ecommerce API - Customer & Admin endpoints. Set {{access_token}} after Login or Admin login.",
    "schema": "https://schema.getpostman.com/json/collection/v2.1.0/collection.json"
  },
  "variable": [
    { "key": "base_url", "value": "http://127.0.0.1:5000" },
    { "key": "access_token", "value": "" }
  ],
  "item": [
    {
      "name": "Health",
      "item": [
        {
          "name": "Root",
          "request": {
            "method": "GET",
            "header": [],
            "url": "{{base_url}}/"
          }
        },
        {
          "name": "Health Check",
          "request": {
            "method": "GET",
            "header": [],
            "url": "{{base_url}}/health"
          }
        }
      ]
    },
    {
      "name": "Front - Public",
      "item": [
        {
          "name": "Register",
          "request": {
            "method": "POST",
            "header": [{"key": "Content-Type", "value": "application/json"}],
            "body": {
              "mode": "raw",
              "raw": "{\n  \"name\": \"John Doe\",\n  \"email\": \"john@example.com\",\n  \"password\": \"123456\"\n}"
            },
            "url": "{{base_url}}/api/front/register"
          }
        },
        {
          "name": "Login",
          "request": {
            "method": "POST",
            "header": [{"key": "Content-Type", "value": "application/json"}],
            "body": {
              "mode": "raw",
              "raw": "{\n  \"email\": \"john@example.com\",\n  \"password\": \"123456\"\n}"
            },
            "url": "{{base_url}}/api/front/login"
          }
        },
        {
          "name": "Reset Password",
          "request": {
            "method": "POST",
            "header": [{"key": "Content-Type", "value": "application/json"}],
            "body": {
              "mode": "raw",
              "raw": "{\n  \"email\": \"john@example.com\",\n  \"new_password\": \"newpass123\"\n}"
            },
            "url": "{{base_url}}/api/front/reset-password"
          }
        },
        {
          "name": "Get Category List",
          "request": {
            "method": "GET",
            "header": [],
            "url": "{{base_url}}/api/front/category-list"
          }
        },
        {
          "name": "Get Products by Category",
          "request": {
            "method": "GET",
            "header": [],
            "url": "{{base_url}}/api/front/category-list/1"
          }
        },
        {
          "name": "Get Product List",
          "request": {
            "method": "GET",
            "header": [],
            "url": "{{base_url}}/api/front/product-list"
          }
        }
      ]
    },
    {
      "name": "Front - Auth Required",
      "item": [
        {
          "name": "Me (current user)",
          "request": {
            "auth": { "type": "bearer", "bearer": [{ "key": "token", "value": "{{access_token}}", "type": "string" }] },
            "method": "GET",
            "header": [],
            "url": "{{base_url}}/api/front/me"
          }
        },
        {
          "name": "Logout",
          "request": {
            "auth": { "type": "bearer", "bearer": [{ "key": "token", "value": "{{access_token}}", "type": "string" }] },
            "method": "POST",
            "header": [],
            "url": "{{base_url}}/api/front/logout"
          }
        },
        {
          "name": "Add to Cart",
          "request": {
            "auth": { "type": "bearer", "bearer": [{ "key": "token", "value": "{{access_token}}", "type": "string" }] },
            "method": "POST",
            "header": [{"key": "Content-Type", "value": "application/json"}],
            "body": {
              "mode": "raw",
              "raw": "{\n  \"product_id\": 1,\n  \"qty\": 2\n}"
            },
            "url": "{{base_url}}/api/front/add-to-cart"
          }
        },
        {
          "name": "Remove from Cart",
          "request": {
            "auth": { "type": "bearer", "bearer": [{ "key": "token", "value": "{{access_token}}", "type": "string" }] },
            "method": "DELETE",
            "header": [],
            "url": "{{base_url}}/api/front/cart/1"
          }
        },
        {
          "name": "Checkout",
          "request": {
            "auth": { "type": "bearer", "bearer": [{ "key": "token", "value": "{{access_token}}", "type": "string" }] },
            "method": "POST",
            "header": [],
            "url": "{{base_url}}/api/front/checkout"
          }
        },
        {
          "name": "Tracking Order",
          "request": {
            "auth": { "type": "bearer", "bearer": [{ "key": "token", "value": "{{access_token}}", "type": "string" }] },
            "method": "GET",
            "header": [],
            "url": "{{base_url}}/api/front/tracking-order"
          }
        }
      ]
    },
    {
      "name": "Admin - Auth",
      "item": [
        {
          "name": "Admin Login",
          "request": {
            "method": "POST",
            "header": [{"key": "Content-Type", "value": "application/json"}],
            "body": {
              "mode": "raw",
              "raw": "{\n  \"email\": \"admin@example.com\",\n  \"password\": \"123456\"\n}"
            },
            "url": "{{base_url}}/api/admin/auth/login"
          }
        },
        {
          "name": "Admin Logout",
          "request": {
            "auth": { "type": "bearer", "bearer": [{ "key": "token", "value": "{{access_token}}", "type": "string" }] },
            "method": "POST",
            "header": [],
            "url": "{{base_url}}/api/admin/auth/logout"
          }
        }
      ]
    },
    {
      "name": "Admin - Users",
      "item": [
        {
          "name": "List Users",
          "request": {
            "auth": { "type": "bearer", "bearer": [{ "key": "token", "value": "{{access_token}}", "type": "string" }] },
            "method": "GET",
            "header": [],
            "url": "{{base_url}}/api/admin/users"
          }
        },
        {
          "name": "Create User",
          "request": {
            "auth": { "type": "bearer", "bearer": [{ "key": "token", "value": "{{access_token}}", "type": "string" }] },
            "method": "POST",
            "header": [{"key": "Content-Type", "value": "application/json"}],
            "body": {
              "mode": "raw",
              "raw": "{\n  \"name\": \"New User\",\n  \"email\": \"newuser@example.com\",\n  \"password\": \"123456\",\n  \"role\": \"customer\"\n}"
            },
            "url": "{{base_url}}/api/admin/users"
          }
        },
        {
          "name": "Get User",
          "request": {
            "auth": { "type": "bearer", "bearer": [{ "key": "token", "value": "{{access_token}}", "type": "string" }] },
            "method": "GET",
            "header": [],
            "url": "{{base_url}}/api/admin/users/1"
          }
        },
        {
          "name": "Update User",
          "request": {
            "auth": { "type": "bearer", "bearer": [{ "key": "token", "value": "{{access_token}}", "type": "string" }] },
            "method": "PUT",
            "header": [{"key": "Content-Type", "value": "application/json"}],
            "body": {
              "mode": "raw",
              "raw": "{\n  \"name\": \"Updated Name\",\n  \"email\": \"updated@example.com\",\n  \"role\": \"customer\"\n}"
            },
            "url": "{{base_url}}/api/admin/users/1"
          }
        },
        {
          "name": "Delete User",
          "request": {
            "auth": { "type": "bearer", "bearer": [{ "key": "token", "value": "{{access_token}}", "type": "string" }] },
            "method": "DELETE",
            "header": [],
            "url": "{{base_url}}/api/admin/users/2"
          }
        }
      ]
    },
    {
      "name": "Admin - Categories",
      "item": [
        {
          "name": "List Categories",
          "request": {
            "auth": { "type": "bearer", "bearer": [{ "key": "token", "value": "{{access_token}}", "type": "string" }] },
            "method": "GET",
            "header": [],
            "url": "{{base_url}}/api/admin/categories"
          }
        },
        {
          "name": "Create Category",
          "request": {
            "auth": { "type": "bearer", "bearer": [{ "key": "token", "value": "{{access_token}}", "type": "string" }] },
            "method": "POST",
            "header": [{"key": "Content-Type", "value": "application/json"}],
            "body": {
              "mode": "raw",
              "raw": "{\n  \"name\": \"Electronics\"\n}"
            },
            "url": "{{base_url}}/api/admin/categories"
          }
        },
        {
          "name": "Update Category",
          "request": {
            "auth": { "type": "bearer", "bearer": [{ "key": "token", "value": "{{access_token}}", "type": "string" }] },
            "method": "PUT",
            "header": [{"key": "Content-Type", "value": "application/json"}],
            "body": {
              "mode": "raw",
              "raw": "{\n  \"name\": \"Electronics & Gadgets\"\n}"
            },
            "url": "{{base_url}}/api/admin/categories/1"
          }
        },
        {
          "name": "Delete Category",
          "request": {
            "auth": { "type": "bearer", "bearer": [{ "key": "token", "value": "{{access_token}}", "type": "string" }] },
            "method": "DELETE",
            "header": [],
            "url": "{{base_url}}/api/admin/categories/1"
          }
        }
      ]
    },
    {
      "name": "Admin - Products",
      "item": [
        {
          "name": "List Products",
          "request": {
            "auth": { "type": "bearer", "bearer": [{ "key": "token", "value": "{{access_token}}", "type": "string" }] },
            "method": "GET",
            "header": [],
            "url": "{{base_url}}/api/admin/products"
          }
        },
        {
          "name": "Create Product",
          "request": {
            "auth": { "type": "bearer", "bearer": [{ "key": "token", "value": "{{access_token}}", "type": "string" }] },
            "method": "POST",
            "header": [{"key": "Content-Type", "value": "application/json"}],
            "body": {
              "mode": "raw",
              "raw": "{\n  \"category_id\": 1,\n  \"name\": \"Wireless Mouse\",\n  \"price\": 29.99,\n  \"stock\": 50,\n  \"description\": \"Ergonomic wireless mouse\"\n}"
            },
            "url": "{{base_url}}/api/admin/products"
          }
        },
        {
          "name": "Update Product",
          "request": {
            "auth": { "type": "bearer", "bearer": [{ "key": "token", "value": "{{access_token}}", "type": "string" }] },
            "method": "PUT",
            "header": [{"key": "Content-Type", "value": "application/json"}],
            "body": {
              "mode": "raw",
              "raw": "{\n  \"name\": \"Wireless Mouse Pro\",\n  \"price\": 34.99,\n  \"stock\": 45\n}"
            },
            "url": "{{base_url}}/api/admin/products/1"
          }
        },
        {
          "name": "Delete Product",
          "request": {
            "auth": { "type": "bearer", "bearer": [{ "key": "token", "value": "{{access_token}}", "type": "string" }] },
            "method": "DELETE",
            "header": [],
            "url": "{{base_url}}/api/admin/products/1"
          }
        }
      ]
    },
    {
      "name": "Admin - Orders",
      "item": [
        {
          "name": "List Orders",
          "request": {
            "auth": { "type": "bearer", "bearer": [{ "key": "token", "value": "{{access_token}}", "type": "string" }] },
            "method": "GET",
            "header": [],
            "url": "{{base_url}}/api/admin/orders"
          }
        },
        {
          "name": "Get Order Detail",
          "request": {
            "auth": { "type": "bearer", "bearer": [{ "key": "token", "value": "{{access_token}}", "type": "string" }] },
            "method": "GET",
            "header": [],
            "url": "{{base_url}}/api/admin/orders/1"
          }
        },
        {
          "name": "Update Order Status",
          "request": {
            "auth": { "type": "bearer", "bearer": [{ "key": "token", "value": "{{access_token}}", "type": "string" }] },
            "method": "PATCH",
            "header": [{"key": "Content-Type", "value": "application/json"}],
            "body": {
              "mode": "raw",
              "raw": "{\n  \"status\": \"paid\"\n}"
            },
            "url": "{{base_url}}/api/admin/orders/1/status"
          }
        }
      ]
    },
    {
      "name": "Admin - Report",
      "item": [
        {
          "name": "Sales Report",
          "request": {
            "auth": { "type": "bearer", "bearer": [{ "key": "token", "value": "{{access_token}}", "type": "string" }] },
            "method": "GET",
            "header": [],
            "url": "{{base_url}}/api/admin/report/sale"
          }
        }
      ]
    }
  ]
}
